--
-- PostgreSQL database dump
--

-- Dumped from database version 12.1
-- Dumped by pg_dump version 12.1

SET statement_timeout = 0;
SET lock_timeout = 0;
SET idle_in_transaction_session_timeout = 0;
SET client_encoding = 'UTF8';
SET standard_conforming_strings = on;
SELECT pg_catalog.set_config('search_path', '', false);
SET check_function_bodies = false;
SET xmloption = content;
SET client_min_messages = warning;
SET row_security = off;

SET default_tablespace = '';

SET default_table_access_method = heap;

--
-- Name: auth_group; Type: TABLE; Schema: public; Owner: useitweb
--

CREATE TABLE public.auth_group (
    id integer NOT NULL,
    name character varying(150) NOT NULL
);


ALTER TABLE public.auth_group OWNER TO useitweb;

--
-- Name: auth_group_id_seq; Type: SEQUENCE; Schema: public; Owner: useitweb
--

CREATE SEQUENCE public.auth_group_id_seq
    AS integer
    START WITH 1
    INCREMENT BY 1
    NO MINVALUE
    NO MAXVALUE
    CACHE 1;


ALTER TABLE public.auth_group_id_seq OWNER TO useitweb;

--
-- Name: auth_group_id_seq; Type: SEQUENCE OWNED BY; Schema: public; Owner: useitweb
--

ALTER SEQUENCE public.auth_group_id_seq OWNED BY public.auth_group.id;


--
-- Name: auth_group_permissions; Type: TABLE; Schema: public; Owner: useitweb
--

CREATE TABLE public.auth_group_permissions (
    id integer NOT NULL,
    group_id integer NOT NULL,
    permission_id integer NOT NULL
);


ALTER TABLE public.auth_group_permissions OWNER TO useitweb;

--
-- Name: auth_group_permissions_id_seq; Type: SEQUENCE; Schema: public; Owner: useitweb
--

CREATE SEQUENCE public.auth_group_permissions_id_seq
    AS integer
    START WITH 1
    INCREMENT BY 1
    NO MINVALUE
    NO MAXVALUE
    CACHE 1;


ALTER TABLE public.auth_group_permissions_id_seq OWNER TO useitweb;

--
-- Name: auth_group_permissions_id_seq; Type: SEQUENCE OWNED BY; Schema: public; Owner: useitweb
--

ALTER SEQUENCE public.auth_group_permissions_id_seq OWNED BY public.auth_group_permissions.id;


--
-- Name: auth_permission; Type: TABLE; Schema: public; Owner: useitweb
--

CREATE TABLE public.auth_permission (
    id integer NOT NULL,
    name character varying(255) NOT NULL,
    content_type_id integer NOT NULL,
    codename character varying(100) NOT NULL
);


ALTER TABLE public.auth_permission OWNER TO useitweb;

--
-- Name: auth_permission_id_seq; Type: SEQUENCE; Schema: public; Owner: useitweb
--

CREATE SEQUENCE public.auth_permission_id_seq
    AS integer
    START WITH 1
    INCREMENT BY 1
    NO MINVALUE
    NO MAXVALUE
    CACHE 1;


ALTER TABLE public.auth_permission_id_seq OWNER TO useitweb;

--
-- Name: auth_permission_id_seq; Type: SEQUENCE OWNED BY; Schema: public; Owner: useitweb
--

ALTER SEQUENCE public.auth_permission_id_seq OWNED BY public.auth_permission.id;


--
-- Name: auth_user; Type: TABLE; Schema: public; Owner: useitweb
--

CREATE TABLE public.auth_user (
    id integer NOT NULL,
    password character varying(128) NOT NULL,
    last_login timestamp with time zone,
    is_superuser boolean NOT NULL,
    username character varying(150) NOT NULL,
    first_name character varying(30) NOT NULL,
    last_name character varying(150) NOT NULL,
    email character varying(254) NOT NULL,
    is_staff boolean NOT NULL,
    is_active boolean NOT NULL,
    date_joined timestamp with time zone NOT NULL
);


ALTER TABLE public.auth_user OWNER TO useitweb;

--
-- Name: auth_user_groups; Type: TABLE; Schema: public; Owner: useitweb
--

CREATE TABLE public.auth_user_groups (
    id integer NOT NULL,
    user_id integer NOT NULL,
    group_id integer NOT NULL
);


ALTER TABLE public.auth_user_groups OWNER TO useitweb;

--
-- Name: auth_user_groups_id_seq; Type: SEQUENCE; Schema: public; Owner: useitweb
--

CREATE SEQUENCE public.auth_user_groups_id_seq
    AS integer
    START WITH 1
    INCREMENT BY 1
    NO MINVALUE
    NO MAXVALUE
    CACHE 1;


ALTER TABLE public.auth_user_groups_id_seq OWNER TO useitweb;

--
-- Name: auth_user_groups_id_seq; Type: SEQUENCE OWNED BY; Schema: public; Owner: useitweb
--

ALTER SEQUENCE public.auth_user_groups_id_seq OWNED BY public.auth_user_groups.id;


--
-- Name: auth_user_id_seq; Type: SEQUENCE; Schema: public; Owner: useitweb
--

CREATE SEQUENCE public.auth_user_id_seq
    AS integer
    START WITH 1
    INCREMENT BY 1
    NO MINVALUE
    NO MAXVALUE
    CACHE 1;


ALTER TABLE public.auth_user_id_seq OWNER TO useitweb;

--
-- Name: auth_user_id_seq; Type: SEQUENCE OWNED BY; Schema: public; Owner: useitweb
--

ALTER SEQUENCE public.auth_user_id_seq OWNED BY public.auth_user.id;


--
-- Name: auth_user_user_permissions; Type: TABLE; Schema: public; Owner: useitweb
--

CREATE TABLE public.auth_user_user_permissions (
    id integer NOT NULL,
    user_id integer NOT NULL,
    permission_id integer NOT NULL
);


ALTER TABLE public.auth_user_user_permissions OWNER TO useitweb;

--
-- Name: auth_user_user_permissions_id_seq; Type: SEQUENCE; Schema: public; Owner: useitweb
--

CREATE SEQUENCE public.auth_user_user_permissions_id_seq
    AS integer
    START WITH 1
    INCREMENT BY 1
    NO MINVALUE
    NO MAXVALUE
    CACHE 1;


ALTER TABLE public.auth_user_user_permissions_id_seq OWNER TO useitweb;

--
-- Name: auth_user_user_permissions_id_seq; Type: SEQUENCE OWNED BY; Schema: public; Owner: useitweb
--

ALTER SEQUENCE public.auth_user_user_permissions_id_seq OWNED BY public.auth_user_user_permissions.id;


--
-- Name: authtoken_token; Type: TABLE; Schema: public; Owner: useitweb
--

CREATE TABLE public.authtoken_token (
    key character varying(40) NOT NULL,
    created timestamp with time zone NOT NULL,
    user_id integer NOT NULL
);


ALTER TABLE public.authtoken_token OWNER TO useitweb;

--
-- Name: django_admin_log; Type: TABLE; Schema: public; Owner: useitweb
--

CREATE TABLE public.django_admin_log (
    id integer NOT NULL,
    action_time timestamp with time zone NOT NULL,
    object_id text,
    object_repr character varying(200) NOT NULL,
    action_flag smallint NOT NULL,
    change_message text NOT NULL,
    content_type_id integer,
    user_id integer NOT NULL,
    CONSTRAINT django_admin_log_action_flag_check CHECK ((action_flag >= 0))
);


ALTER TABLE public.django_admin_log OWNER TO useitweb;

--
-- Name: django_admin_log_id_seq; Type: SEQUENCE; Schema: public; Owner: useitweb
--

CREATE SEQUENCE public.django_admin_log_id_seq
    AS integer
    START WITH 1
    INCREMENT BY 1
    NO MINVALUE
    NO MAXVALUE
    CACHE 1;


ALTER TABLE public.django_admin_log_id_seq OWNER TO useitweb;

--
-- Name: django_admin_log_id_seq; Type: SEQUENCE OWNED BY; Schema: public; Owner: useitweb
--

ALTER SEQUENCE public.django_admin_log_id_seq OWNED BY public.django_admin_log.id;


--
-- Name: django_content_type; Type: TABLE; Schema: public; Owner: useitweb
--

CREATE TABLE public.django_content_type (
    id integer NOT NULL,
    app_label character varying(100) NOT NULL,
    model character varying(100) NOT NULL
);


ALTER TABLE public.django_content_type OWNER TO useitweb;

--
-- Name: django_content_type_id_seq; Type: SEQUENCE; Schema: public; Owner: useitweb
--

CREATE SEQUENCE public.django_content_type_id_seq
    AS integer
    START WITH 1
    INCREMENT BY 1
    NO MINVALUE
    NO MAXVALUE
    CACHE 1;


ALTER TABLE public.django_content_type_id_seq OWNER TO useitweb;

--
-- Name: django_content_type_id_seq; Type: SEQUENCE OWNED BY; Schema: public; Owner: useitweb
--

ALTER SEQUENCE public.django_content_type_id_seq OWNED BY public.django_content_type.id;


--
-- Name: django_migrations; Type: TABLE; Schema: public; Owner: useitweb
--

CREATE TABLE public.django_migrations (
    id integer NOT NULL,
    app character varying(255) NOT NULL,
    name character varying(255) NOT NULL,
    applied timestamp with time zone NOT NULL
);


ALTER TABLE public.django_migrations OWNER TO useitweb;

--
-- Name: django_migrations_id_seq; Type: SEQUENCE; Schema: public; Owner: useitweb
--

CREATE SEQUENCE public.django_migrations_id_seq
    AS integer
    START WITH 1
    INCREMENT BY 1
    NO MINVALUE
    NO MAXVALUE
    CACHE 1;


ALTER TABLE public.django_migrations_id_seq OWNER TO useitweb;

--
-- Name: django_migrations_id_seq; Type: SEQUENCE OWNED BY; Schema: public; Owner: useitweb
--

ALTER SEQUENCE public.django_migrations_id_seq OWNED BY public.django_migrations.id;


--
-- Name: django_session; Type: TABLE; Schema: public; Owner: useitweb
--

CREATE TABLE public.django_session (
    session_key character varying(40) NOT NULL,
    session_data text NOT NULL,
    expire_date timestamp with time zone NOT NULL
);


ALTER TABLE public.django_session OWNER TO useitweb;

--
-- Name: events_comment; Type: TABLE; Schema: public; Owner: useitweb
--

CREATE TABLE public.events_comment (
    id integer NOT NULL,
    body text NOT NULL,
    date date NOT NULL,
    creator_id integer NOT NULL
);


ALTER TABLE public.events_comment OWNER TO useitweb;

--
-- Name: events_comment_id_seq; Type: SEQUENCE; Schema: public; Owner: useitweb
--

CREATE SEQUENCE public.events_comment_id_seq
    AS integer
    START WITH 1
    INCREMENT BY 1
    NO MINVALUE
    NO MAXVALUE
    CACHE 1;


ALTER TABLE public.events_comment_id_seq OWNER TO useitweb;

--
-- Name: events_comment_id_seq; Type: SEQUENCE OWNED BY; Schema: public; Owner: useitweb
--

ALTER SEQUENCE public.events_comment_id_seq OWNED BY public.events_comment.id;


--
-- Name: events_comment_responses; Type: TABLE; Schema: public; Owner: useitweb
--

CREATE TABLE public.events_comment_responses (
    id integer NOT NULL,
    from_comment_id integer NOT NULL,
    to_comment_id integer NOT NULL
);


ALTER TABLE public.events_comment_responses OWNER TO useitweb;

--
-- Name: events_comment_responses_id_seq; Type: SEQUENCE; Schema: public; Owner: useitweb
--

CREATE SEQUENCE public.events_comment_responses_id_seq
    AS integer
    START WITH 1
    INCREMENT BY 1
    NO MINVALUE
    NO MAXVALUE
    CACHE 1;


ALTER TABLE public.events_comment_responses_id_seq OWNER TO useitweb;

--
-- Name: events_comment_responses_id_seq; Type: SEQUENCE OWNED BY; Schema: public; Owner: useitweb
--

ALTER SEQUENCE public.events_comment_responses_id_seq OWNED BY public.events_comment_responses.id;


--
-- Name: events_event; Type: TABLE; Schema: public; Owner: useitweb
--

CREATE TABLE public.events_event (
    id integer NOT NULL,
    name character varying(30) NOT NULL,
    description character varying(30) NOT NULL,
    picture character varying(100) NOT NULL,
    date date NOT NULL,
    "time" time without time zone NOT NULL,
    creator_id integer NOT NULL
);


ALTER TABLE public.events_event OWNER TO useitweb;

--
-- Name: events_event_comments; Type: TABLE; Schema: public; Owner: useitweb
--

CREATE TABLE public.events_event_comments (
    id integer NOT NULL,
    event_id integer NOT NULL,
    comment_id integer NOT NULL
);


ALTER TABLE public.events_event_comments OWNER TO useitweb;

--
-- Name: events_event_comments_id_seq; Type: SEQUENCE; Schema: public; Owner: useitweb
--

CREATE SEQUENCE public.events_event_comments_id_seq
    AS integer
    START WITH 1
    INCREMENT BY 1
    NO MINVALUE
    NO MAXVALUE
    CACHE 1;


ALTER TABLE public.events_event_comments_id_seq OWNER TO useitweb;

--
-- Name: events_event_comments_id_seq; Type: SEQUENCE OWNED BY; Schema: public; Owner: useitweb
--

ALTER SEQUENCE public.events_event_comments_id_seq OWNED BY public.events_event_comments.id;


--
-- Name: events_event_id_seq; Type: SEQUENCE; Schema: public; Owner: useitweb
--

CREATE SEQUENCE public.events_event_id_seq
    AS integer
    START WITH 1
    INCREMENT BY 1
    NO MINVALUE
    NO MAXVALUE
    CACHE 1;


ALTER TABLE public.events_event_id_seq OWNER TO useitweb;

--
-- Name: events_event_id_seq; Type: SEQUENCE OWNED BY; Schema: public; Owner: useitweb
--

ALTER SEQUENCE public.events_event_id_seq OWNED BY public.events_event.id;


--
-- Name: events_interaction; Type: TABLE; Schema: public; Owner: useitweb
--

CREATE TABLE public.events_interaction (
    id integer NOT NULL,
    option character varying(20) NOT NULL,
    "eventId_id" integer NOT NULL,
    "userId_id" integer NOT NULL
);


ALTER TABLE public.events_interaction OWNER TO useitweb;

--
-- Name: events_interaction_id_seq; Type: SEQUENCE; Schema: public; Owner: useitweb
--

CREATE SEQUENCE public.events_interaction_id_seq
    AS integer
    START WITH 1
    INCREMENT BY 1
    NO MINVALUE
    NO MAXVALUE
    CACHE 1;


ALTER TABLE public.events_interaction_id_seq OWNER TO useitweb;

--
-- Name: events_interaction_id_seq; Type: SEQUENCE OWNED BY; Schema: public; Owner: useitweb
--

ALTER SEQUENCE public.events_interaction_id_seq OWNED BY public.events_interaction.id;


--
-- Name: auth_group id; Type: DEFAULT; Schema: public; Owner: useitweb
--

ALTER TABLE ONLY public.auth_group ALTER COLUMN id SET DEFAULT nextval('public.auth_group_id_seq'::regclass);


--
-- Name: auth_group_permissions id; Type: DEFAULT; Schema: public; Owner: useitweb
--

ALTER TABLE ONLY public.auth_group_permissions ALTER COLUMN id SET DEFAULT nextval('public.auth_group_permissions_id_seq'::regclass);


--
-- Name: auth_permission id; Type: DEFAULT; Schema: public; Owner: useitweb
--

ALTER TABLE ONLY public.auth_permission ALTER COLUMN id SET DEFAULT nextval('public.auth_permission_id_seq'::regclass);


--
-- Name: auth_user id; Type: DEFAULT; Schema: public; Owner: useitweb
--

ALTER TABLE ONLY public.auth_user ALTER COLUMN id SET DEFAULT nextval('public.auth_user_id_seq'::regclass);


--
-- Name: auth_user_groups id; Type: DEFAULT; Schema: public; Owner: useitweb
--

ALTER TABLE ONLY public.auth_user_groups ALTER COLUMN id SET DEFAULT nextval('public.auth_user_groups_id_seq'::regclass);


--
-- Name: auth_user_user_permissions id; Type: DEFAULT; Schema: public; Owner: useitweb
--

ALTER TABLE ONLY public.auth_user_user_permissions ALTER COLUMN id SET DEFAULT nextval('public.auth_user_user_permissions_id_seq'::regclass);


--
-- Name: django_admin_log id; Type: DEFAULT; Schema: public; Owner: useitweb
--

ALTER TABLE ONLY public.django_admin_log ALTER COLUMN id SET DEFAULT nextval('public.django_admin_log_id_seq'::regclass);


--
-- Name: django_content_type id; Type: DEFAULT; Schema: public; Owner: useitweb
--

ALTER TABLE ONLY public.django_content_type ALTER COLUMN id SET DEFAULT nextval('public.django_content_type_id_seq'::regclass);


--
-- Name: django_migrations id; Type: DEFAULT; Schema: public; Owner: useitweb
--

ALTER TABLE ONLY public.django_migrations ALTER COLUMN id SET DEFAULT nextval('public.django_migrations_id_seq'::regclass);


--
-- Name: events_comment id; Type: DEFAULT; Schema: public; Owner: useitweb
--

ALTER TABLE ONLY public.events_comment ALTER COLUMN id SET DEFAULT nextval('public.events_comment_id_seq'::regclass);


--
-- Name: events_comment_responses id; Type: DEFAULT; Schema: public; Owner: useitweb
--

ALTER TABLE ONLY public.events_comment_responses ALTER COLUMN id SET DEFAULT nextval('public.events_comment_responses_id_seq'::regclass);


--
-- Name: events_event id; Type: DEFAULT; Schema: public; Owner: useitweb
--

ALTER TABLE ONLY public.events_event ALTER COLUMN id SET DEFAULT nextval('public.events_event_id_seq'::regclass);


--
-- Name: events_event_comments id; Type: DEFAULT; Schema: public; Owner: useitweb
--

ALTER TABLE ONLY public.events_event_comments ALTER COLUMN id SET DEFAULT nextval('public.events_event_comments_id_seq'::regclass);


--
-- Name: events_interaction id; Type: DEFAULT; Schema: public; Owner: useitweb
--

ALTER TABLE ONLY public.events_interaction ALTER COLUMN id SET DEFAULT nextval('public.events_interaction_id_seq'::regclass);


--
-- Data for Name: auth_group; Type: TABLE DATA; Schema: public; Owner: useitweb
--

COPY public.auth_group (id, name) FROM stdin;
\.


--
-- Data for Name: auth_group_permissions; Type: TABLE DATA; Schema: public; Owner: useitweb
--

COPY public.auth_group_permissions (id, group_id, permission_id) FROM stdin;
\.


--
-- Data for Name: auth_permission; Type: TABLE DATA; Schema: public; Owner: useitweb
--

COPY public.auth_permission (id, name, content_type_id, codename) FROM stdin;
1	Can add log entry	1	add_logentry
2	Can change log entry	1	change_logentry
3	Can delete log entry	1	delete_logentry
4	Can view log entry	1	view_logentry
5	Can add permission	2	add_permission
6	Can change permission	2	change_permission
7	Can delete permission	2	delete_permission
8	Can view permission	2	view_permission
9	Can add group	3	add_group
10	Can change group	3	change_group
11	Can delete group	3	delete_group
12	Can view group	3	view_group
13	Can add user	4	add_user
14	Can change user	4	change_user
15	Can delete user	4	delete_user
16	Can view user	4	view_user
17	Can add content type	5	add_contenttype
18	Can change content type	5	change_contenttype
19	Can delete content type	5	delete_contenttype
20	Can view content type	5	view_contenttype
21	Can add session	6	add_session
22	Can change session	6	change_session
23	Can delete session	6	delete_session
24	Can view session	6	view_session
25	Can add Token	7	add_token
26	Can change Token	7	change_token
27	Can delete Token	7	delete_token
28	Can view Token	7	view_token
29	Can add comment	8	add_comment
30	Can change comment	8	change_comment
31	Can delete comment	8	delete_comment
32	Can view comment	8	view_comment
33	Can add event	9	add_event
34	Can change event	9	change_event
35	Can delete event	9	delete_event
36	Can view event	9	view_event
37	Can add interaction	10	add_interaction
38	Can change interaction	10	change_interaction
39	Can delete interaction	10	delete_interaction
40	Can view interaction	10	view_interaction
\.


--
-- Data for Name: auth_user; Type: TABLE DATA; Schema: public; Owner: useitweb
--

COPY public.auth_user (id, password, last_login, is_superuser, username, first_name, last_name, email, is_staff, is_active, date_joined) FROM stdin;
1	pbkdf2_sha256$180000$cKxsjttfLjmh$eMIvmsF/oEBWGEtF0Rxsn+IemW9CIXoKrfGL6bR4m0k=	2020-01-14 22:38:42.484066-05	t	useit				t	t	2020-01-14 22:38:34.283767-05
2	pbkdf2_sha256$180000$mNEouI7hmjpF$SVw/p10pU7FYsRG4Nmjo8WSP2/KBZ9wZeoc37riRX3c=	\N	f	daniel			dcdanielca@gmail.com	f	t	2020-01-14 22:38:49.225724-05
\.


--
-- Data for Name: auth_user_groups; Type: TABLE DATA; Schema: public; Owner: useitweb
--

COPY public.auth_user_groups (id, user_id, group_id) FROM stdin;
\.


--
-- Data for Name: auth_user_user_permissions; Type: TABLE DATA; Schema: public; Owner: useitweb
--

COPY public.auth_user_user_permissions (id, user_id, permission_id) FROM stdin;
\.


--
-- Data for Name: authtoken_token; Type: TABLE DATA; Schema: public; Owner: useitweb
--

COPY public.authtoken_token (key, created, user_id) FROM stdin;
fbba3653621088946eb832051cf8288e65313be6	2020-01-14 23:25:54.751416-05	2
\.


--
-- Data for Name: django_admin_log; Type: TABLE DATA; Schema: public; Owner: useitweb
--

COPY public.django_admin_log (id, action_time, object_id, object_repr, action_flag, change_message, content_type_id, user_id) FROM stdin;
1	2020-01-14 23:16:53.827621-05	2	(Interaction: 2)	3		10	1
2	2020-01-14 23:20:08.298009-05	4	(Comment: 4)	3		8	1
\.


--
-- Data for Name: django_content_type; Type: TABLE DATA; Schema: public; Owner: useitweb
--

COPY public.django_content_type (id, app_label, model) FROM stdin;
1	admin	logentry
2	auth	permission
3	auth	group
4	auth	user
5	contenttypes	contenttype
6	sessions	session
7	authtoken	token
8	events	comment
9	events	event
10	events	interaction
\.


--
-- Data for Name: django_migrations; Type: TABLE DATA; Schema: public; Owner: useitweb
--

COPY public.django_migrations (id, app, name, applied) FROM stdin;
1	contenttypes	0001_initial	2020-01-14 22:37:50.381358-05
2	auth	0001_initial	2020-01-14 22:37:50.435277-05
3	admin	0001_initial	2020-01-14 22:37:50.539969-05
4	admin	0002_logentry_remove_auto_add	2020-01-14 22:37:50.575628-05
5	admin	0003_logentry_add_action_flag_choices	2020-01-14 22:37:50.592309-05
6	contenttypes	0002_remove_content_type_name	2020-01-14 22:37:50.618476-05
7	auth	0002_alter_permission_name_max_length	2020-01-14 22:37:50.62456-05
8	auth	0003_alter_user_email_max_length	2020-01-14 22:37:50.645479-05
9	auth	0004_alter_user_username_opts	2020-01-14 22:37:50.668859-05
10	auth	0005_alter_user_last_login_null	2020-01-14 22:37:50.680785-05
11	auth	0006_require_contenttypes_0002	2020-01-14 22:37:50.684027-05
12	auth	0007_alter_validators_add_error_messages	2020-01-14 22:37:50.696748-05
13	auth	0008_alter_user_username_max_length	2020-01-14 22:37:50.713598-05
14	auth	0009_alter_user_last_name_max_length	2020-01-14 22:37:50.723186-05
15	auth	0010_alter_group_name_max_length	2020-01-14 22:37:50.73397-05
16	auth	0011_update_proxy_permissions	2020-01-14 22:37:50.746183-05
17	authtoken	0001_initial	2020-01-14 22:37:50.765821-05
18	authtoken	0002_auto_20160226_1747	2020-01-14 22:37:50.804959-05
19	events	0001_initial	2020-01-14 22:37:50.867074-05
20	sessions	0001_initial	2020-01-14 22:37:50.942311-05
\.


--
-- Data for Name: django_session; Type: TABLE DATA; Schema: public; Owner: useitweb
--

COPY public.django_session (session_key, session_data, expire_date) FROM stdin;
q5klesuj68ppj6g2984ktv55kwdxzu4h	YzIyZWNlNjQxZGY3ZGI3YmU0MDBkNDQzOGM2NGQ2OTU5ZDUwZmU3NTp7Il9hdXRoX3VzZXJfaWQiOiIxIiwiX2F1dGhfdXNlcl9iYWNrZW5kIjoiZGphbmdvLmNvbnRyaWIuYXV0aC5iYWNrZW5kcy5Nb2RlbEJhY2tlbmQiLCJfYXV0aF91c2VyX2hhc2giOiJmYzkzMmY1OTkzZjlmM2YzODAxNzViZmQ0NWZmZTkzNmY5MjZjOTcwIn0=	2020-01-28 22:38:42.486493-05
\.


--
-- Data for Name: events_comment; Type: TABLE DATA; Schema: public; Owner: useitweb
--

COPY public.events_comment (id, body, date, creator_id) FROM stdin;
1	Comment event2	2020-01-01	2
2	Comment response event1	2020-01-02	2
3	Comment event1	2020-01-14	2
5	Comment event1	2020-01-14	2
6	Comment response event1	2020-01-04	2
\.


--
-- Data for Name: events_comment_responses; Type: TABLE DATA; Schema: public; Owner: useitweb
--

COPY public.events_comment_responses (id, from_comment_id, to_comment_id) FROM stdin;
1	1	2
2	2	1
5	5	6
6	6	5
\.


--
-- Data for Name: events_event; Type: TABLE DATA; Schema: public; Owner: useitweb
--

COPY public.events_event (id, name, description, picture, date, "time", creator_id) FROM stdin;
1	Mi evento 1	Descripcion de evento 1	events/pictures/A-Galaxy-Event_Bangkok_main_1_K71Et2p.jpg	2020-01-20	03:00:00	2
2	Mi evento 2	Descripcion de evento 2	events/pictures/2018ACE-1045_TuhC57X.jpeg	2020-01-14	08:00:00	2
\.


--
-- Data for Name: events_event_comments; Type: TABLE DATA; Schema: public; Owner: useitweb
--

COPY public.events_event_comments (id, event_id, comment_id) FROM stdin;
1	2	1
2	2	3
3	1	5
\.


--
-- Data for Name: events_interaction; Type: TABLE DATA; Schema: public; Owner: useitweb
--

COPY public.events_interaction (id, option, "eventId_id", "userId_id") FROM stdin;
1	Interested	2	2
3	Assist	1	2
\.


--
-- Name: auth_group_id_seq; Type: SEQUENCE SET; Schema: public; Owner: useitweb
--

SELECT pg_catalog.setval('public.auth_group_id_seq', 1, false);


--
-- Name: auth_group_permissions_id_seq; Type: SEQUENCE SET; Schema: public; Owner: useitweb
--

SELECT pg_catalog.setval('public.auth_group_permissions_id_seq', 1, false);


--
-- Name: auth_permission_id_seq; Type: SEQUENCE SET; Schema: public; Owner: useitweb
--

SELECT pg_catalog.setval('public.auth_permission_id_seq', 40, true);


--
-- Name: auth_user_groups_id_seq; Type: SEQUENCE SET; Schema: public; Owner: useitweb
--

SELECT pg_catalog.setval('public.auth_user_groups_id_seq', 1, false);


--
-- Name: auth_user_id_seq; Type: SEQUENCE SET; Schema: public; Owner: useitweb
--

SELECT pg_catalog.setval('public.auth_user_id_seq', 2, true);


--
-- Name: auth_user_user_permissions_id_seq; Type: SEQUENCE SET; Schema: public; Owner: useitweb
--

SELECT pg_catalog.setval('public.auth_user_user_permissions_id_seq', 1, false);


--
-- Name: django_admin_log_id_seq; Type: SEQUENCE SET; Schema: public; Owner: useitweb
--

SELECT pg_catalog.setval('public.django_admin_log_id_seq', 2, true);


--
-- Name: django_content_type_id_seq; Type: SEQUENCE SET; Schema: public; Owner: useitweb
--

SELECT pg_catalog.setval('public.django_content_type_id_seq', 10, true);


--
-- Name: django_migrations_id_seq; Type: SEQUENCE SET; Schema: public; Owner: useitweb
--

SELECT pg_catalog.setval('public.django_migrations_id_seq', 20, true);


--
-- Name: events_comment_id_seq; Type: SEQUENCE SET; Schema: public; Owner: useitweb
--

SELECT pg_catalog.setval('public.events_comment_id_seq', 6, true);


--
-- Name: events_comment_responses_id_seq; Type: SEQUENCE SET; Schema: public; Owner: useitweb
--

SELECT pg_catalog.setval('public.events_comment_responses_id_seq', 6, true);


--
-- Name: events_event_comments_id_seq; Type: SEQUENCE SET; Schema: public; Owner: useitweb
--

SELECT pg_catalog.setval('public.events_event_comments_id_seq', 3, true);


--
-- Name: events_event_id_seq; Type: SEQUENCE SET; Schema: public; Owner: useitweb
--

SELECT pg_catalog.setval('public.events_event_id_seq', 4, true);


--
-- Name: events_interaction_id_seq; Type: SEQUENCE SET; Schema: public; Owner: useitweb
--

SELECT pg_catalog.setval('public.events_interaction_id_seq', 3, true);


--
-- Name: auth_group auth_group_name_key; Type: CONSTRAINT; Schema: public; Owner: useitweb
--

ALTER TABLE ONLY public.auth_group
    ADD CONSTRAINT auth_group_name_key UNIQUE (name);


--
-- Name: auth_group_permissions auth_group_permissions_group_id_permission_id_0cd325b0_uniq; Type: CONSTRAINT; Schema: public; Owner: useitweb
--

ALTER TABLE ONLY public.auth_group_permissions
    ADD CONSTRAINT auth_group_permissions_group_id_permission_id_0cd325b0_uniq UNIQUE (group_id, permission_id);


--
-- Name: auth_group_permissions auth_group_permissions_pkey; Type: CONSTRAINT; Schema: public; Owner: useitweb
--

ALTER TABLE ONLY public.auth_group_permissions
    ADD CONSTRAINT auth_group_permissions_pkey PRIMARY KEY (id);


--
-- Name: auth_group auth_group_pkey; Type: CONSTRAINT; Schema: public; Owner: useitweb
--

ALTER TABLE ONLY public.auth_group
    ADD CONSTRAINT auth_group_pkey PRIMARY KEY (id);


--
-- Name: auth_permission auth_permission_content_type_id_codename_01ab375a_uniq; Type: CONSTRAINT; Schema: public; Owner: useitweb
--

ALTER TABLE ONLY public.auth_permission
    ADD CONSTRAINT auth_permission_content_type_id_codename_01ab375a_uniq UNIQUE (content_type_id, codename);


--
-- Name: auth_permission auth_permission_pkey; Type: CONSTRAINT; Schema: public; Owner: useitweb
--

ALTER TABLE ONLY public.auth_permission
    ADD CONSTRAINT auth_permission_pkey PRIMARY KEY (id);


--
-- Name: auth_user_groups auth_user_groups_pkey; Type: CONSTRAINT; Schema: public; Owner: useitweb
--

ALTER TABLE ONLY public.auth_user_groups
    ADD CONSTRAINT auth_user_groups_pkey PRIMARY KEY (id);


--
-- Name: auth_user_groups auth_user_groups_user_id_group_id_94350c0c_uniq; Type: CONSTRAINT; Schema: public; Owner: useitweb
--

ALTER TABLE ONLY public.auth_user_groups
    ADD CONSTRAINT auth_user_groups_user_id_group_id_94350c0c_uniq UNIQUE (user_id, group_id);


--
-- Name: auth_user auth_user_pkey; Type: CONSTRAINT; Schema: public; Owner: useitweb
--

ALTER TABLE ONLY public.auth_user
    ADD CONSTRAINT auth_user_pkey PRIMARY KEY (id);


--
-- Name: auth_user_user_permissions auth_user_user_permissions_pkey; Type: CONSTRAINT; Schema: public; Owner: useitweb
--

ALTER TABLE ONLY public.auth_user_user_permissions
    ADD CONSTRAINT auth_user_user_permissions_pkey PRIMARY KEY (id);


--
-- Name: auth_user_user_permissions auth_user_user_permissions_user_id_permission_id_14a6b632_uniq; Type: CONSTRAINT; Schema: public; Owner: useitweb
--

ALTER TABLE ONLY public.auth_user_user_permissions
    ADD CONSTRAINT auth_user_user_permissions_user_id_permission_id_14a6b632_uniq UNIQUE (user_id, permission_id);


--
-- Name: auth_user auth_user_username_key; Type: CONSTRAINT; Schema: public; Owner: useitweb
--

ALTER TABLE ONLY public.auth_user
    ADD CONSTRAINT auth_user_username_key UNIQUE (username);


--
-- Name: authtoken_token authtoken_token_pkey; Type: CONSTRAINT; Schema: public; Owner: useitweb
--

ALTER TABLE ONLY public.authtoken_token
    ADD CONSTRAINT authtoken_token_pkey PRIMARY KEY (key);


--
-- Name: authtoken_token authtoken_token_user_id_key; Type: CONSTRAINT; Schema: public; Owner: useitweb
--

ALTER TABLE ONLY public.authtoken_token
    ADD CONSTRAINT authtoken_token_user_id_key UNIQUE (user_id);


--
-- Name: django_admin_log django_admin_log_pkey; Type: CONSTRAINT; Schema: public; Owner: useitweb
--

ALTER TABLE ONLY public.django_admin_log
    ADD CONSTRAINT django_admin_log_pkey PRIMARY KEY (id);


--
-- Name: django_content_type django_content_type_app_label_model_76bd3d3b_uniq; Type: CONSTRAINT; Schema: public; Owner: useitweb
--

ALTER TABLE ONLY public.django_content_type
    ADD CONSTRAINT django_content_type_app_label_model_76bd3d3b_uniq UNIQUE (app_label, model);


--
-- Name: django_content_type django_content_type_pkey; Type: CONSTRAINT; Schema: public; Owner: useitweb
--

ALTER TABLE ONLY public.django_content_type
    ADD CONSTRAINT django_content_type_pkey PRIMARY KEY (id);


--
-- Name: django_migrations django_migrations_pkey; Type: CONSTRAINT; Schema: public; Owner: useitweb
--

ALTER TABLE ONLY public.django_migrations
    ADD CONSTRAINT django_migrations_pkey PRIMARY KEY (id);


--
-- Name: django_session django_session_pkey; Type: CONSTRAINT; Schema: public; Owner: useitweb
--

ALTER TABLE ONLY public.django_session
    ADD CONSTRAINT django_session_pkey PRIMARY KEY (session_key);


--
-- Name: events_comment events_comment_pkey; Type: CONSTRAINT; Schema: public; Owner: useitweb
--

ALTER TABLE ONLY public.events_comment
    ADD CONSTRAINT events_comment_pkey PRIMARY KEY (id);


--
-- Name: events_comment_responses events_comment_responses_from_comment_id_to_comme_9fb47be9_uniq; Type: CONSTRAINT; Schema: public; Owner: useitweb
--

ALTER TABLE ONLY public.events_comment_responses
    ADD CONSTRAINT events_comment_responses_from_comment_id_to_comme_9fb47be9_uniq UNIQUE (from_comment_id, to_comment_id);


--
-- Name: events_comment_responses events_comment_responses_pkey; Type: CONSTRAINT; Schema: public; Owner: useitweb
--

ALTER TABLE ONLY public.events_comment_responses
    ADD CONSTRAINT events_comment_responses_pkey PRIMARY KEY (id);


--
-- Name: events_event_comments events_event_comments_event_id_comment_id_7fc4fca7_uniq; Type: CONSTRAINT; Schema: public; Owner: useitweb
--

ALTER TABLE ONLY public.events_event_comments
    ADD CONSTRAINT events_event_comments_event_id_comment_id_7fc4fca7_uniq UNIQUE (event_id, comment_id);


--
-- Name: events_event_comments events_event_comments_pkey; Type: CONSTRAINT; Schema: public; Owner: useitweb
--

ALTER TABLE ONLY public.events_event_comments
    ADD CONSTRAINT events_event_comments_pkey PRIMARY KEY (id);


--
-- Name: events_event events_event_name_key; Type: CONSTRAINT; Schema: public; Owner: useitweb
--

ALTER TABLE ONLY public.events_event
    ADD CONSTRAINT events_event_name_key UNIQUE (name);


--
-- Name: events_event events_event_pkey; Type: CONSTRAINT; Schema: public; Owner: useitweb
--

ALTER TABLE ONLY public.events_event
    ADD CONSTRAINT events_event_pkey PRIMARY KEY (id);


--
-- Name: events_interaction events_interaction_eventId_id_userId_id_e693a2cd_uniq; Type: CONSTRAINT; Schema: public; Owner: useitweb
--

ALTER TABLE ONLY public.events_interaction
    ADD CONSTRAINT "events_interaction_eventId_id_userId_id_e693a2cd_uniq" UNIQUE ("eventId_id", "userId_id");


--
-- Name: events_interaction events_interaction_pkey; Type: CONSTRAINT; Schema: public; Owner: useitweb
--

ALTER TABLE ONLY public.events_interaction
    ADD CONSTRAINT events_interaction_pkey PRIMARY KEY (id);


--
-- Name: auth_group_name_a6ea08ec_like; Type: INDEX; Schema: public; Owner: useitweb
--

CREATE INDEX auth_group_name_a6ea08ec_like ON public.auth_group USING btree (name varchar_pattern_ops);


--
-- Name: auth_group_permissions_group_id_b120cbf9; Type: INDEX; Schema: public; Owner: useitweb
--

CREATE INDEX auth_group_permissions_group_id_b120cbf9 ON public.auth_group_permissions USING btree (group_id);


--
-- Name: auth_group_permissions_permission_id_84c5c92e; Type: INDEX; Schema: public; Owner: useitweb
--

CREATE INDEX auth_group_permissions_permission_id_84c5c92e ON public.auth_group_permissions USING btree (permission_id);


--
-- Name: auth_permission_content_type_id_2f476e4b; Type: INDEX; Schema: public; Owner: useitweb
--

CREATE INDEX auth_permission_content_type_id_2f476e4b ON public.auth_permission USING btree (content_type_id);


--
-- Name: auth_user_groups_group_id_97559544; Type: INDEX; Schema: public; Owner: useitweb
--

CREATE INDEX auth_user_groups_group_id_97559544 ON public.auth_user_groups USING btree (group_id);


--
-- Name: auth_user_groups_user_id_6a12ed8b; Type: INDEX; Schema: public; Owner: useitweb
--

CREATE INDEX auth_user_groups_user_id_6a12ed8b ON public.auth_user_groups USING btree (user_id);


--
-- Name: auth_user_user_permissions_permission_id_1fbb5f2c; Type: INDEX; Schema: public; Owner: useitweb
--

CREATE INDEX auth_user_user_permissions_permission_id_1fbb5f2c ON public.auth_user_user_permissions USING btree (permission_id);


--
-- Name: auth_user_user_permissions_user_id_a95ead1b; Type: INDEX; Schema: public; Owner: useitweb
--

CREATE INDEX auth_user_user_permissions_user_id_a95ead1b ON public.auth_user_user_permissions USING btree (user_id);


--
-- Name: auth_user_username_6821ab7c_like; Type: INDEX; Schema: public; Owner: useitweb
--

CREATE INDEX auth_user_username_6821ab7c_like ON public.auth_user USING btree (username varchar_pattern_ops);


--
-- Name: authtoken_token_key_10f0b77e_like; Type: INDEX; Schema: public; Owner: useitweb
--

CREATE INDEX authtoken_token_key_10f0b77e_like ON public.authtoken_token USING btree (key varchar_pattern_ops);


--
-- Name: django_admin_log_content_type_id_c4bce8eb; Type: INDEX; Schema: public; Owner: useitweb
--

CREATE INDEX django_admin_log_content_type_id_c4bce8eb ON public.django_admin_log USING btree (content_type_id);


--
-- Name: django_admin_log_user_id_c564eba6; Type: INDEX; Schema: public; Owner: useitweb
--

CREATE INDEX django_admin_log_user_id_c564eba6 ON public.django_admin_log USING btree (user_id);


--
-- Name: django_session_expire_date_a5c62663; Type: INDEX; Schema: public; Owner: useitweb
--

CREATE INDEX django_session_expire_date_a5c62663 ON public.django_session USING btree (expire_date);


--
-- Name: django_session_session_key_c0390e0f_like; Type: INDEX; Schema: public; Owner: useitweb
--

CREATE INDEX django_session_session_key_c0390e0f_like ON public.django_session USING btree (session_key varchar_pattern_ops);


--
-- Name: events_comment_creator_id_fa750aef; Type: INDEX; Schema: public; Owner: useitweb
--

CREATE INDEX events_comment_creator_id_fa750aef ON public.events_comment USING btree (creator_id);


--
-- Name: events_comment_responses_from_comment_id_ef55c052; Type: INDEX; Schema: public; Owner: useitweb
--

CREATE INDEX events_comment_responses_from_comment_id_ef55c052 ON public.events_comment_responses USING btree (from_comment_id);


--
-- Name: events_comment_responses_to_comment_id_28879e4a; Type: INDEX; Schema: public; Owner: useitweb
--

CREATE INDEX events_comment_responses_to_comment_id_28879e4a ON public.events_comment_responses USING btree (to_comment_id);


--
-- Name: events_event_comments_comment_id_d392a606; Type: INDEX; Schema: public; Owner: useitweb
--

CREATE INDEX events_event_comments_comment_id_d392a606 ON public.events_event_comments USING btree (comment_id);


--
-- Name: events_event_comments_event_id_23d73d08; Type: INDEX; Schema: public; Owner: useitweb
--

CREATE INDEX events_event_comments_event_id_23d73d08 ON public.events_event_comments USING btree (event_id);


--
-- Name: events_event_creator_id_13bb3d46; Type: INDEX; Schema: public; Owner: useitweb
--

CREATE INDEX events_event_creator_id_13bb3d46 ON public.events_event USING btree (creator_id);


--
-- Name: events_event_name_5981cc0e_like; Type: INDEX; Schema: public; Owner: useitweb
--

CREATE INDEX events_event_name_5981cc0e_like ON public.events_event USING btree (name varchar_pattern_ops);


--
-- Name: events_interaction_eventId_id_ae1b3805; Type: INDEX; Schema: public; Owner: useitweb
--

CREATE INDEX "events_interaction_eventId_id_ae1b3805" ON public.events_interaction USING btree ("eventId_id");


--
-- Name: events_interaction_userId_id_04128c31; Type: INDEX; Schema: public; Owner: useitweb
--

CREATE INDEX "events_interaction_userId_id_04128c31" ON public.events_interaction USING btree ("userId_id");


--
-- Name: auth_group_permissions auth_group_permissio_permission_id_84c5c92e_fk_auth_perm; Type: FK CONSTRAINT; Schema: public; Owner: useitweb
--

ALTER TABLE ONLY public.auth_group_permissions
    ADD CONSTRAINT auth_group_permissio_permission_id_84c5c92e_fk_auth_perm FOREIGN KEY (permission_id) REFERENCES public.auth_permission(id) DEFERRABLE INITIALLY DEFERRED;


--
-- Name: auth_group_permissions auth_group_permissions_group_id_b120cbf9_fk_auth_group_id; Type: FK CONSTRAINT; Schema: public; Owner: useitweb
--

ALTER TABLE ONLY public.auth_group_permissions
    ADD CONSTRAINT auth_group_permissions_group_id_b120cbf9_fk_auth_group_id FOREIGN KEY (group_id) REFERENCES public.auth_group(id) DEFERRABLE INITIALLY DEFERRED;


--
-- Name: auth_permission auth_permission_content_type_id_2f476e4b_fk_django_co; Type: FK CONSTRAINT; Schema: public; Owner: useitweb
--

ALTER TABLE ONLY public.auth_permission
    ADD CONSTRAINT auth_permission_content_type_id_2f476e4b_fk_django_co FOREIGN KEY (content_type_id) REFERENCES public.django_content_type(id) DEFERRABLE INITIALLY DEFERRED;


--
-- Name: auth_user_groups auth_user_groups_group_id_97559544_fk_auth_group_id; Type: FK CONSTRAINT; Schema: public; Owner: useitweb
--

ALTER TABLE ONLY public.auth_user_groups
    ADD CONSTRAINT auth_user_groups_group_id_97559544_fk_auth_group_id FOREIGN KEY (group_id) REFERENCES public.auth_group(id) DEFERRABLE INITIALLY DEFERRED;


--
-- Name: auth_user_groups auth_user_groups_user_id_6a12ed8b_fk_auth_user_id; Type: FK CONSTRAINT; Schema: public; Owner: useitweb
--

ALTER TABLE ONLY public.auth_user_groups
    ADD CONSTRAINT auth_user_groups_user_id_6a12ed8b_fk_auth_user_id FOREIGN KEY (user_id) REFERENCES public.auth_user(id) DEFERRABLE INITIALLY DEFERRED;


--
-- Name: auth_user_user_permissions auth_user_user_permi_permission_id_1fbb5f2c_fk_auth_perm; Type: FK CONSTRAINT; Schema: public; Owner: useitweb
--

ALTER TABLE ONLY public.auth_user_user_permissions
    ADD CONSTRAINT auth_user_user_permi_permission_id_1fbb5f2c_fk_auth_perm FOREIGN KEY (permission_id) REFERENCES public.auth_permission(id) DEFERRABLE INITIALLY DEFERRED;


--
-- Name: auth_user_user_permissions auth_user_user_permissions_user_id_a95ead1b_fk_auth_user_id; Type: FK CONSTRAINT; Schema: public; Owner: useitweb
--

ALTER TABLE ONLY public.auth_user_user_permissions
    ADD CONSTRAINT auth_user_user_permissions_user_id_a95ead1b_fk_auth_user_id FOREIGN KEY (user_id) REFERENCES public.auth_user(id) DEFERRABLE INITIALLY DEFERRED;


--
-- Name: authtoken_token authtoken_token_user_id_35299eff_fk_auth_user_id; Type: FK CONSTRAINT; Schema: public; Owner: useitweb
--

ALTER TABLE ONLY public.authtoken_token
    ADD CONSTRAINT authtoken_token_user_id_35299eff_fk_auth_user_id FOREIGN KEY (user_id) REFERENCES public.auth_user(id) DEFERRABLE INITIALLY DEFERRED;


--
-- Name: django_admin_log django_admin_log_content_type_id_c4bce8eb_fk_django_co; Type: FK CONSTRAINT; Schema: public; Owner: useitweb
--

ALTER TABLE ONLY public.django_admin_log
    ADD CONSTRAINT django_admin_log_content_type_id_c4bce8eb_fk_django_co FOREIGN KEY (content_type_id) REFERENCES public.django_content_type(id) DEFERRABLE INITIALLY DEFERRED;


--
-- Name: django_admin_log django_admin_log_user_id_c564eba6_fk_auth_user_id; Type: FK CONSTRAINT; Schema: public; Owner: useitweb
--

ALTER TABLE ONLY public.django_admin_log
    ADD CONSTRAINT django_admin_log_user_id_c564eba6_fk_auth_user_id FOREIGN KEY (user_id) REFERENCES public.auth_user(id) DEFERRABLE INITIALLY DEFERRED;


--
-- Name: events_comment events_comment_creator_id_fa750aef_fk_auth_user_id; Type: FK CONSTRAINT; Schema: public; Owner: useitweb
--

ALTER TABLE ONLY public.events_comment
    ADD CONSTRAINT events_comment_creator_id_fa750aef_fk_auth_user_id FOREIGN KEY (creator_id) REFERENCES public.auth_user(id) DEFERRABLE INITIALLY DEFERRED;


--
-- Name: events_comment_responses events_comment_respo_from_comment_id_ef55c052_fk_events_co; Type: FK CONSTRAINT; Schema: public; Owner: useitweb
--

ALTER TABLE ONLY public.events_comment_responses
    ADD CONSTRAINT events_comment_respo_from_comment_id_ef55c052_fk_events_co FOREIGN KEY (from_comment_id) REFERENCES public.events_comment(id) DEFERRABLE INITIALLY DEFERRED;


--
-- Name: events_comment_responses events_comment_respo_to_comment_id_28879e4a_fk_events_co; Type: FK CONSTRAINT; Schema: public; Owner: useitweb
--

ALTER TABLE ONLY public.events_comment_responses
    ADD CONSTRAINT events_comment_respo_to_comment_id_28879e4a_fk_events_co FOREIGN KEY (to_comment_id) REFERENCES public.events_comment(id) DEFERRABLE INITIALLY DEFERRED;


--
-- Name: events_event_comments events_event_comments_comment_id_d392a606_fk_events_comment_id; Type: FK CONSTRAINT; Schema: public; Owner: useitweb
--

ALTER TABLE ONLY public.events_event_comments
    ADD CONSTRAINT events_event_comments_comment_id_d392a606_fk_events_comment_id FOREIGN KEY (comment_id) REFERENCES public.events_comment(id) DEFERRABLE INITIALLY DEFERRED;


--
-- Name: events_event_comments events_event_comments_event_id_23d73d08_fk_events_event_id; Type: FK CONSTRAINT; Schema: public; Owner: useitweb
--

ALTER TABLE ONLY public.events_event_comments
    ADD CONSTRAINT events_event_comments_event_id_23d73d08_fk_events_event_id FOREIGN KEY (event_id) REFERENCES public.events_event(id) DEFERRABLE INITIALLY DEFERRED;


--
-- Name: events_event events_event_creator_id_13bb3d46_fk_auth_user_id; Type: FK CONSTRAINT; Schema: public; Owner: useitweb
--

ALTER TABLE ONLY public.events_event
    ADD CONSTRAINT events_event_creator_id_13bb3d46_fk_auth_user_id FOREIGN KEY (creator_id) REFERENCES public.auth_user(id) DEFERRABLE INITIALLY DEFERRED;


--
-- Name: events_interaction events_interaction_eventId_id_ae1b3805_fk_events_event_id; Type: FK CONSTRAINT; Schema: public; Owner: useitweb
--

ALTER TABLE ONLY public.events_interaction
    ADD CONSTRAINT "events_interaction_eventId_id_ae1b3805_fk_events_event_id" FOREIGN KEY ("eventId_id") REFERENCES public.events_event(id) DEFERRABLE INITIALLY DEFERRED;


--
-- Name: events_interaction events_interaction_userId_id_04128c31_fk_auth_user_id; Type: FK CONSTRAINT; Schema: public; Owner: useitweb
--

ALTER TABLE ONLY public.events_interaction
    ADD CONSTRAINT "events_interaction_userId_id_04128c31_fk_auth_user_id" FOREIGN KEY ("userId_id") REFERENCES public.auth_user(id) DEFERRABLE INITIALLY DEFERRED;


--
-- PostgreSQL database dump complete
--

